username, password, first_name, last_name, email, registration_date, dob, gender
ana1~aaf4c61ddcc5e8a2dabede0f3b482cd9aea9434d~Ana~Vincenti~ana1@yahoo.com~1455113769.0~1985-05-10~Female
don2~aaf4c61ddcc5e8a2dabede0f3b482cd9aea9434d~Don~Evans~don2@hotmail.com~1476780719.0~2002-04-29~Male
mirna3~aaf4c61ddcc5e8a2dabede0f3b482cd9aea9434d~Mirna~Traeger~mirna3@gmail.com~1422808311.0~1989-03-04~Female
hillary4~aaf4c61ddcc5e8a2dabede0f3b482cd9aea9434d~Hillary~Lewis~hillary4@hotmail.com~1489226264.0~1996-09-28~Female
ron5~aaf4c61ddcc5e8a2dabede0f3b482cd9aea9434d~Ron~Miller~ron5@hotmail.com~1415367436.0~1945-01-05~Male
heidi6~aaf4c61ddcc5e8a2dabede0f3b482cd9aea9434d~Heidi~Black~heidi6@gmail.com~1423523828.0~1947-01-09~Female
erinn7~aaf4c61ddcc5e8a2dabede0f3b482cd9aea9434d~Erinn~Franklin~erinn7@hotmail.com~1487328523.0~1950-02-25~Female
lua8~aaf4c61ddcc5e8a2dabede0f3b482cd9aea9434d~Lua~Franklin~lua8@yahoo.com~1417404122.0~1995-03-23~Female
lin9~aaf4c61ddcc5e8a2dabede0f3b482cd9aea9434d~Lin~Swanson~lin9@yahoo.com~1422956787.0~1999-01-13~Female
guy10~aaf4c61ddcc5e8a2dabede0f3b482cd9aea9434d~Guy~Franklin~guy10@gmail.com~1477248686.0~1985-10-03~Male
nana11~aaf4c61ddcc5e8a2dabede0f3b482cd9aea9434d~Nana~Wilson~nana11@hotmail.com~1445275999.0~1979-11-24~Female
allie12~aaf4c61ddcc5e8a2dabede0f3b482cd9aea9434d~Allie~Tanner~allie12@gmail.com~1494730811.0~1958-11-30~Female
oswin13~aaf4c61ddcc5e8a2dabede0f3b482cd9aea9434d~Oswin~Williams~oswin13@gmail.com~1431060537.0~1955-02-08~Male
lenny14~aaf4c61ddcc5e8a2dabede0f3b482cd9aea9434d~Lenny~Vincenti~lenny14@gmail.com~1526012729.0~1946-06-20~Male
abby15~aaf4c61ddcc5e8a2dabede0f3b482cd9aea9434d~Abby~White~abby15@yahoo.com~1457394205.0~1968-12-04~Female
don16~aaf4c61ddcc5e8a2dabede0f3b482cd9aea9434d~Don~Tailor~don16@hotmail.com~1467180196.0~2000-10-06~Male
victor17~aaf4c61ddcc5e8a2dabede0f3b482cd9aea9434d~Victor~Vincenti~victor17@hotmail.com~1527758101.0~1958-04-18~Male
berta18~aaf4c61ddcc5e8a2dabede0f3b482cd9aea9434d~Berta~Burlington~berta18@yahoo.com~1490112806.0~1940-08-17~Female
ivan19~aaf4c61ddcc5e8a2dabede0f3b482cd9aea9434d~Ivan~Perkins~ivan19@hotmail.com~1436374909.0~1960-09-04~Male
bob20~aaf4c61ddcc5e8a2dabede0f3b482cd9aea9434d~Bob~Anderson~bob20@hotmail.com~1417867394.0~1945-08-02~Male
carol21~aaf4c61ddcc5e8a2dabede0f3b482cd9aea9434d~Carol~Anderson~carol21@yahoo.com~1391848706.0~2000-04-16~Female
vecky22~aaf4c61ddcc5e8a2dabede0f3b482cd9aea9434d~Vecky~Burnstein~vecky22@yahoo.com~1499262947.0~1955-02-08~Female
ken23~aaf4c61ddcc5e8a2dabede0f3b482cd9aea9434d~Ken~Swift~ken23@hotmail.com~1490142098.0~1986-03-19~Male
humberto24~aaf4c61ddcc5e8a2dabede0f3b482cd9aea9434d~Humberto~Ludgate~humberto24@hotmail.com~1524645404.0~1948-06-17~Male
hunter25~aaf4c61ddcc5e8a2dabede0f3b482cd9aea9434d~Hunter~Barnes~hunter25@hotmail.com~1512221009.0~1993-11-24~Male
isadora26~aaf4c61ddcc5e8a2dabede0f3b482cd9aea9434d~Isadora~Spencer~isadora26@gmail.com~1443977821.0~1987-11-29~Female
derick27~aaf4c61ddcc5e8a2dabede0f3b482cd9aea9434d~Derick~Wilson~derick27@gmail.com~1465089107.0~1997-03-15~Male
andy28~aaf4c61ddcc5e8a2dabede0f3b482cd9aea9434d~Andy~White~andy28@hotmail.com~1439765331.0~1956-07-15~Male
usha29~aaf4c61ddcc5e8a2dabede0f3b482cd9aea9434d~Usha~Miller~usha29@gmail.com~1496133505.0~1985-07-01~Female
sansa30~aaf4c61ddcc5e8a2dabede0f3b482cd9aea9434d~Sansa~Williams~sansa30@hotmail.com~1428293594.0~1957-02-22~Female
allie31~aaf4c61ddcc5e8a2dabede0f3b482cd9aea9434d~Allie~Williams~allie31@gmail.com~1504105312.0~1964-12-21~Female
carl32~aaf4c61ddcc5e8a2dabede0f3b482cd9aea9434d~Carl~Thompson~carl32@gmail.com~1511318775.0~2001-05-28~Male
lin33~aaf4c61ddcc5e8a2dabede0f3b482cd9aea9434d~Lin~Anderson~lin33@hotmail.com~1425100222.0~2000-07-19~Female
jennifer34~aaf4c61ddcc5e8a2dabede0f3b482cd9aea9434d~Jennifer~Anderson~jennifer34@gmail.com~1524816177.0~1959-01-26~Female
serra35~aaf4c61ddcc5e8a2dabede0f3b482cd9aea9434d~Serra~Doe~serra35@hotmail.com~1490358517.0~1957-10-28~Female
berta36~aaf4c61ddcc5e8a2dabede0f3b482cd9aea9434d~Berta~Smith~berta36@gmail.com~1467958449.0~1969-03-27~Female
cindy37~aaf4c61ddcc5e8a2dabede0f3b482cd9aea9434d~Cindy~Thorpe~cindy37@yahoo.com~1484873043.0~1975-10-28~Female
carl38~aaf4c61ddcc5e8a2dabede0f3b482cd9aea9434d~Carl~Bohr~carl38@yahoo.com~1455326933.0~1981-05-23~Male
karla39~aaf4c61ddcc5e8a2dabede0f3b482cd9aea9434d~Karla~Dennis~karla39@hotmail.com~1436550555.0~1980-01-06~Female
ron40~aaf4c61ddcc5e8a2dabede0f3b482cd9aea9434d~Ron~Thorpe~ron40@yahoo.com~1424942870.0~1969-04-07~Male
vecky41~aaf4c61ddcc5e8a2dabede0f3b482cd9aea9434d~Vecky~Wade~vecky41@hotmail.com~1466876517.0~1991-03-16~Female
victor42~aaf4c61ddcc5e8a2dabede0f3b482cd9aea9434d~Victor~Bohr~victor42@yahoo.com~1468432764.0~1986-01-10~Male
humberto43~aaf4c61ddcc5e8a2dabede0f3b482cd9aea9434d~Humberto~Edwards~humberto43@yahoo.com~1481166605.0~1959-12-25~Male
guy44~aaf4c61ddcc5e8a2dabede0f3b482cd9aea9434d~Guy~Burlington~guy44@yahoo.com~1504386517.0~1990-07-15~Male
carol45~aaf4c61ddcc5e8a2dabede0f3b482cd9aea9434d~Carol~Edwards~carol45@hotmail.com~1452103181.0~1956-01-19~Female
natalie46~aaf4c61ddcc5e8a2dabede0f3b482cd9aea9434d~Natalie~Traeger~natalie46@gmail.com~1424431125.0~1940-12-14~Female
hillary47~aaf4c61ddcc5e8a2dabede0f3b482cd9aea9434d~Hillary~Traeger~hillary47@gmail.com~1510294675.0~1986-10-10~Female
quentin48~aaf4c61ddcc5e8a2dabede0f3b482cd9aea9434d~Quentin~Franklin~quentin48@yahoo.com~1504784241.0~1953-03-04~Male
lenny49~aaf4c61ddcc5e8a2dabede0f3b482cd9aea9434d~Lenny~Andrews~lenny49@hotmail.com~1456095334.0~1976-04-09~Male
fedor50~aaf4c61ddcc5e8a2dabede0f3b482cd9aea9434d~Fedor~Evans~fedor50@gmail.com~1401632070.0~1977-03-24~Male
